id,name,email,company_id,title
CT-001,Adrian Edwards,adrian.edwards@novacorp.example,COMP-005,VP Cloud
CT-002,Andrew Wallace,andrew.wallace@sapphirelabs.example,COMP-017,VP Operations
CT-003,Violet Sanders,violet.sanders@eclipsepartners.example,COMP-028,VP Technology
CT-004,James Bennett,james.bennett@indigodigital.example,COMP-063,Head of Infrastructure
CT-005,Dylan Hayes,dylan.hayes@synapseanalytics.example,COMP-150,Head of Analytics
CT-006,Riley Collins,riley.collins@atlasinc.example,COMP-004,Director of Platform
CT-007,Hazel Campbell,hazel.campbell@sableglobal.example,COMP-061,SVP Technology
CT-008,Dylan Griffin,dylan.griffin@sequoiaanalytics.example,COMP-100,VP Engineering
CT-009,Madison Reed,madison.reed@lumenglobal.example,COMP-047,Director of Platform
CT-010,Chloe Richardson,chloe.richardson@indigoglobal.example,COMP-147,Director of Cloud Operations
CT-011,Jacob Wood,jacob.wood@aegistechnologies.example,COMP-094,Director of IT
CT-012,Grace Howard,grace.howard@horizonpartners.example,COMP-064,Director of Data Engineering
CT-013,Emma Collins,emma.collins@nexusanalytics.example,COMP-026,VP Operations
CT-014,Henry Roberts,henry.roberts@opalsciences.example,COMP-139,CTO
CT-015,Charlotte Cruz,charlotte.cruz@sableglobal.example,COMP-061,Director of Cloud Operations
CT-016,Hannah Sullivan,hannah.sullivan@dynamodata.example,COMP-133,Head of Analytics
CT-017,Andrew Long,andrew.long@synapsegroup.example,COMP-142,Director of Data Engineering
CT-018,Adrian Gomez,adrian.gomez@titandigital.example,COMP-033,Head of SRE
CT-019,Sophia Stewart,sophia.stewart@ciphertechnologies.example,COMP-025,Director of Platform
CT-020,Abigail Roberts,abigail.roberts@keystonedynamics.example,COMP-106,VP Product
CT-021,Sebastian Morris,sebastian.morris@granitesciences.example,COMP-099,Head of DevOps
CT-022,Violet Edwards,violet.edwards@draketechnologies.example,COMP-042,Head of DevOps
CT-023,Abigail Peterson,abigail.peterson@forgesystems.example,COMP-078,Chief Architect
CT-024,Amelia Ward,amelia.ward@embertechnologies.example,COMP-117,Director of Data Engineering
CT-025,Layla Parker,layla.parker@spectrasystems.example,COMP-104,Head of Security
CT-026,Mason Reed,mason.reed@sentrylabs.example,COMP-122,Head of Security
CT-027,Benjamin Richardson,benjamin.richardson@titanindustries.example,COMP-108,VP Operations
CT-028,Ethan Brooks,ethan.brooks@nimbusdynamics.example,COMP-149,VP Cloud
CT-029,Chloe Watson,chloe.watson@opalsciences.example,COMP-139,Head of Analytics
CT-030,Emily Sullivan,emily.sullivan@verdantsoftware.example,COMP-002,Head of SRE
CT-031,Violet Bryant,violet.bryant@falcontechnologies.example,COMP-132,Head of SRE
CT-032,Lucas Turner,lucas.turner@mercuryglobal.example,COMP-143,VP Engineering
CT-033,Andrew Ward,andrew.ward@nebuladigital.example,COMP-114,Director of Solutions
CT-034,Dylan Flores,dylan.flores@cedarpartners.example,COMP-113,SVP Technology
CT-035,Gabriel Murphy,gabriel.murphy@synapseanalytics.example,COMP-150,VP Operations
CT-036,Savannah Carter,savannah.carter@synapseanalytics.example,COMP-150,Chief Information Officer
CT-037,Adrian Reyes,adrian.reyes@nimbussciences.example,COMP-027,VP Operations
CT-038,Harper Bennett,harper.bennett@radiantdigital.example,COMP-030,VP Technology
CT-039,Madison Evans,madison.evans@sentrycloud.example,COMP-046,SVP Technology
CT-040,Ethan Collins,ethan.collins@novasolutions.example,COMP-073,VP Cloud
CT-041,Isabella West,isabella.west@helixsciences.example,COMP-135,Head of Analytics
CT-042,Owen Bennett,owen.bennett@mercuryglobal.example,COMP-143,Chief Architect
CT-043,Lily Carter,lily.carter@helixsciences.example,COMP-135,VP Cloud
CT-044,Samuel Bennett,samuel.bennett@cedarsciences.example,COMP-070,Director of Cloud Operations
CT-045,Patrick Hughes,patrick.hughes@eclipsecloud.example,COMP-118,Director of Solutions
CT-046,Charlotte Thompson,charlotte.thompson@sapphiregroup.example,COMP-127,Director of Engineering
CT-047,Ryan Myers,ryan.myers@verdantsoftware.example,COMP-002,Chief Information Officer
CT-048,Liam Reed,liam.reed@horizonpartners.example,COMP-064,Head of Security
CT-049,Amelia Bryant,amelia.bryant@novacloud.example,COMP-084,CTO
CT-050,Emily Hughes,emily.hughes@stratosgroup.example,COMP-071,VP Technology
CT-051,Scott Morris,scott.morris@vertexventures.example,COMP-121,Director of Platform
CT-052,Charlotte Stewart,charlotte.stewart@cedarindustries.example,COMP-048,Director of IT
CT-053,Elizabeth Morgan,elizabeth.morgan@stratosglobal.example,COMP-050,Director of Engineering
CT-054,Nora Parker,nora.parker@indigodigital.example,COMP-063,CTO
CT-055,Logan Stewart,logan.stewart@bedrocktechnologies.example,COMP-023,Director of Data Engineering
CT-056,Ava Rogers,ava.rogers@falconindustries.example,COMP-105,VP Cloud
CT-057,Derek Phillips,derek.phillips@nimbussystems.example,COMP-049,Chief Information Officer
CT-058,Hannah Campbell,hannah.campbell@solsticeanalytics.example,COMP-014,CTO
CT-059,Robert Hayes,robert.hayes@cedarpartners.example,COMP-113,Head of Analytics
CT-060,Robert Mitchell,robert.mitchell@crimsonlabs.example,COMP-055,VP Operations
CT-061,Gavin Edwards,gavin.edwards@draketechnologies.example,COMP-042,Head of Security
CT-062,Michael Carter,michael.carter@sapphireplatforms.example,COMP-079,Head of Infrastructure
CT-063,Grace Russell,grace.russell@helixsciences.example,COMP-135,VP Technology
CT-064,Grace Powell,grace.powell@radianttechnologies.example,COMP-103,VP Cloud
CT-065,Kevin Cruz,kevin.cruz@forgesciences.example,COMP-060,Chief Information Officer
CT-066,Zoe Carter,zoe.carter@keystonedynamics.example,COMP-106,Head of SRE
CT-067,Grace Flores,grace.flores@pavilioncorp.example,COMP-109,CTO
CT-068,Savannah Ross,savannah.ross@sterlingcorp.example,COMP-090,Director of Engineering
CT-069,Audrey Stewart,audrey.stewart@orbittechnologies.example,COMP-053,CTO
CT-070,Charlotte Howard,charlotte.howard@phoenixpartners.example,COMP-012,SVP Technology
CT-071,Emily Roberts,emily.roberts@zenithlabs.example,COMP-054,Head of SRE
CT-072,Victoria Long,victoria.long@cedarsciences.example,COMP-070,Head of Security
CT-073,Madison Russell,madison.russell@solsticeanalytics.example,COMP-014,Head of Security
CT-074,Aaron Thompson,aaron.thompson@radiantdigital.example,COMP-030,Head of Analytics
CT-075,Hannah Rivera,hannah.rivera@spectrasystems.example,COMP-104,Head of SRE
CT-076,Ryan Cooper,ryan.cooper@forgesystems.example,COMP-078,CTO
CT-077,Riley Turner,riley.turner@titanindustries.example,COMP-108,VP Technology
CT-078,Madison Sanders,madison.sanders@catalystsoftware.example,COMP-085,SVP Technology
CT-079,Aria Campbell,aria.campbell@thrivesolutions.example,COMP-144,Director of Platform
CT-080,Adrian Price,adrian.price@opalnetworks.example,COMP-077,Head of SRE
CT-081,Emma Collins,emma.collins@embertechnologies.example,COMP-117,VP Technology
CT-082,Zoey Morgan,zoey.morgan@vectorsciences.example,COMP-093,VP Operations
CT-083,Colin Evans,colin.evans@cedarpartners.example,COMP-113,VP Operations
CT-084,Madison Turner,madison.turner@spectraplatforms.example,COMP-098,SVP Technology
CT-085,Colin Carter,colin.carter@cascadedigital.example,COMP-092,VP Operations
CT-086,Noah Reyes,noah.reyes@lumensciences.example,COMP-145,VP Operations
CT-087,Alexander Howard,alexander.howard@sapphireplatforms.example,COMP-079,Director of Cloud Operations
CT-088,Riley Morris,riley.morris@spectrapartners.example,COMP-051,CTO
CT-089,Ryan Price,ryan.price@nimbussystems.example,COMP-049,Head of Infrastructure
CT-090,Dylan James,dylan.james@eclipsepartners.example,COMP-028,Director of Data Engineering
CT-091,Andrew Carter,andrew.carter@azureindustries.example,COMP-129,Director of Solutions
CT-092,Chloe Cook,chloe.cook@nimbussciences.example,COMP-027,VP Cloud
CT-093,Mia Cook,mia.cook@opalnetworks.example,COMP-077,Director of IT
CT-094,Sophia Campbell,sophia.campbell@orbitinc.example,COMP-062,CTO
CT-095,Owen Gomez,owen.gomez@catalystsoftware.example,COMP-085,SVP Technology
CT-096,Marcus James,marcus.james@zenithlabs.example,COMP-054,Head of Analytics
CT-097,Ava Mitchell,ava.mitchell@sentrydynamics.example,COMP-130,Head of SRE
CT-098,Gabriel Foster,gabriel.foster@dynamocloud.example,COMP-052,Director of Solutions
CT-099,Hannah Sullivan,hannah.sullivan@thrivesolutions.example,COMP-144,Director of Solutions
CT-100,Michael Russell,michael.russell@monolithindustries.example,COMP-074,Chief Architect
CT-101,Grace Murphy,grace.murphy@ironcladindustries.example,COMP-126,Director of Platform
CT-102,Avery Phillips,avery.phillips@sterlingdata.example,COMP-011,Director of Data Engineering
CT-103,Caleb Rogers,caleb.rogers@titantechnologies.example,COMP-031,Director of IT
CT-104,Aria Hughes,aria.hughes@aegisglobal.example,COMP-015,Chief Information Officer
CT-105,Emily Gray,emily.gray@quantumtechnologies.example,COMP-125,Director of Engineering
CT-106,Chloe Howard,chloe.howard@titannetworks.example,COMP-110,VP Engineering
CT-107,Ava Cook,ava.cook@aegisglobal.example,COMP-015,Director of Cloud Operations
CT-108,Owen Foster,owen.foster@phoenixpartners.example,COMP-012,Director of Solutions
CT-109,Zoe Long,zoe.long@monolithdigital.example,COMP-013,VP Product
CT-110,Natalie Evans,natalie.evans@cobaltcloud.example,COMP-044,Chief Information Officer
CT-111,Audrey Sanders,audrey.sanders@monolithdigital.example,COMP-013,SVP Technology
CT-112,Violet Ross,violet.ross@nimbusdynamics.example,COMP-149,Head of Analytics
CT-113,Mia Flores,mia.flores@sapphirelabs.example,COMP-017,Director of Data Engineering
CT-114,Connor Richardson,connor.richardson@coraltechnologies.example,COMP-069,CTO
CT-115,Dylan Morris,dylan.morris@keystoneanalytics.example,COMP-058,SVP Technology
CT-116,Avery Russell,avery.russell@orbitsolutions.example,COMP-081,VP Product
CT-117,Thomas Mitchell,thomas.mitchell@synapsegroup.example,COMP-142,Director of Data Engineering
CT-118,Nora Bryant,nora.bryant@titannetworks.example,COMP-110,VP Product
CT-119,Joshua Long,joshua.long@novaplatforms.example,COMP-091,Head of Analytics
CT-120,Zoey Griffin,zoey.griffin@granitelabs.example,COMP-045,Director of Solutions
CT-121,Gabriel Diaz,gabriel.diaz@nimbussystems.example,COMP-049,Head of DevOps
CT-122,Olivia Long,olivia.long@opalinc.example,COMP-066,VP Operations
CT-123,Michael Reed,michael.reed@opalnetworks.example,COMP-077,CTO
CT-124,Lucas Griffin,lucas.griffin@phoenixpartners.example,COMP-012,VP Technology
CT-125,Adrian Torres,adrian.torres@falconindustries.example,COMP-105,Head of SRE
CT-126,Evelyn Wood,evelyn.wood@radiantdigital.example,COMP-030,Head of Analytics
CT-127,Olivia Parker,olivia.parker@axiomsystems.example,COMP-146,VP Cloud
CT-128,Riley Brooks,riley.brooks@zenithlabs.example,COMP-054,VP Technology
CT-129,Nora Parker,nora.parker@cobaltcloud.example,COMP-044,Director of IT
CT-130,Victoria Morgan,victoria.morgan@sentrydynamics.example,COMP-130,Director of Platform
CT-131,Olivia Cooper,olivia.cooper@cascadesystems.example,COMP-089,Head of Security
CT-132,Derek Murphy,derek.murphy@catalystsoftware.example,COMP-085,VP Engineering
CT-133,Madison Kelly,madison.kelly@stratosglobal.example,COMP-050,VP Operations
CT-134,Jack Hayes,jack.hayes@coraltechnologies.example,COMP-069,CTO
CT-135,Owen Campbell,owen.campbell@keystonedynamics.example,COMP-106,Director of Platform
CT-136,Abigail Cox,abigail.cox@compasslabs.example,COMP-003,VP Cloud
CT-137,Savannah Cruz,savannah.cruz@thrivesolutions.example,COMP-144,CTO
CT-138,Dylan Howard,dylan.howard@eclipsepartners.example,COMP-028,Director of Engineering
CT-139,Jack West,jack.west@forgedata.example,COMP-075,VP Cloud
CT-140,Liam Sullivan,liam.sullivan@opalsciences.example,COMP-139,CTO
CT-141,Owen Sullivan,owen.sullivan@obsidiancorp.example,COMP-029,Head of Security
CT-142,Alexander Turner,alexander.turner@aegisglobal.example,COMP-015,Director of Platform
CT-143,Riley Peterson,riley.peterson@forgedigital.example,COMP-021,Chief Architect
CT-144,Abigail Wallace,abigail.wallace@nimbussciences.example,COMP-027,VP Cloud
CT-145,Harper Cook,harper.cook@cedarindustries.example,COMP-048,Head of Security
CT-146,Emma Roberts,emma.roberts@tempestindustries.example,COMP-095,Director of Data Engineering
CT-147,Scarlett Morgan,scarlett.morgan@cascadedigital.example,COMP-092,Director of Cloud Operations
CT-148,Charlotte Howard,charlotte.howard@quantumsoftware.example,COMP-065,Director of Cloud Operations
CT-149,Olivia Phillips,olivia.phillips@indigosystems.example,COMP-067,Director of Platform
CT-150,Abigail Bennett,abigail.bennett@compasslabs.example,COMP-003,Head of Infrastructure
CT-151,Michael Morgan,michael.morgan@opalsciences.example,COMP-139,Head of Analytics
CT-152,Ella Hughes,ella.hughes@obsidiangroup.example,COMP-128,Director of Platform
CT-153,Adrian Roberts,adrian.roberts@falconglobal.example,COMP-119,Head of Infrastructure
CT-154,Aurora Mitchell,aurora.mitchell@coraltechnologies.example,COMP-069,Director of Engineering
CT-155,Layla Thompson,layla.thompson@titanindustries.example,COMP-108,Chief Information Officer
CT-156,Aria Hughes,aria.hughes@cedarindustries.example,COMP-048,Chief Information Officer
CT-157,Thomas Turner,thomas.turner@stratoslabs.example,COMP-116,Chief Information Officer
CT-158,Aria Evans,aria.evans@mercurysystems.example,COMP-086,Chief Architect
CT-159,Patrick Reyes,patrick.reyes@eclipsecloud.example,COMP-118,Director of Cloud Operations
CT-160,Derek Wallace,derek.wallace@tempestgroup.example,COMP-007,CTO
CT-161,Isabella Cook,isabella.cook@onyxventures.example,COMP-040,VP Product
CT-162,Mason Phillips,mason.phillips@opalnetworks.example,COMP-077,VP Operations
CT-163,Noah Diaz,noah.diaz@cedarpartners.example,COMP-113,Head of Analytics
CT-164,Gabriel Flores,gabriel.flores@crimsonsystems.example,COMP-034,Director of IT
CT-165,Colin Ross,colin.ross@onyxpartners.example,COMP-076,Head of SRE
CT-166,Harper Flores,harper.flores@phoenixpartners.example,COMP-012,Head of SRE
CT-167,Patrick Howard,patrick.howard@sequoiaindustries.example,COMP-072,Chief Architect
CT-168,Lily Thompson,lily.thompson@paragonpartners.example,COMP-137,Director of Data Engineering
CT-169,Marcus Cruz,marcus.cruz@forgedigital.example,COMP-021,VP Product
CT-170,Marcus Thompson,marcus.thompson@nimbussciences.example,COMP-027,SVP Technology
CT-171,Charlotte Stewart,charlotte.stewart@nimbussystems.example,COMP-049,Chief Information Officer
CT-172,Brooklyn Reed,brooklyn.reed@pavilioncorp.example,COMP-109,Director of Cloud Operations
CT-173,Audrey Cox,audrey.cox@titantechnologies.example,COMP-031,Director of Cloud Operations
CT-174,Layla Bryant,layla.bryant@nexusanalytics.example,COMP-026,Director of Data Engineering
CT-175,Violet Bailey,violet.bailey@ridgedynamics.example,COMP-056,Head of DevOps
CT-176,Natalie Peterson,natalie.peterson@forgesystems.example,COMP-078,VP Engineering
CT-177,Sebastian Cook,sebastian.cook@lumensciences.example,COMP-145,Director of Platform
CT-178,Connor Edwards,connor.edwards@dynamocloud.example,COMP-052,Head of Infrastructure
CT-179,Jack Gomez,jack.gomez@helixsciences.example,COMP-135,Head of Security
CT-180,Ella Sullivan,ella.sullivan@phoenixpartners.example,COMP-012,Director of Platform
CT-181,Trevor Roberts,trevor.roberts@azureindustries.example,COMP-129,VP Operations
CT-182,Audrey Phillips,audrey.phillips@sentrycloud.example,COMP-046,Director of Platform
CT-183,Matthew Edwards,matthew.edwards@tempestanalytics.example,COMP-096,Head of Infrastructure
CT-184,Hannah Sullivan,hannah.sullivan@mercuryglobal.example,COMP-143,Chief Information Officer
CT-185,Emma Price,emma.price@eclipsepartners.example,COMP-028,VP Technology
CT-186,Trevor Campbell,trevor.campbell@forgesystems.example,COMP-078,Director of Cloud Operations
CT-187,Joshua Roberts,joshua.roberts@dynamodata.example,COMP-133,Director of Engineering
CT-188,Colin Myers,colin.myers@sableglobal.example,COMP-061,Chief Architect
CT-189,Colin Reed,colin.reed@sentrylabs.example,COMP-122,Chief Information Officer
CT-190,Riley Myers,riley.myers@radiantnetworks.example,COMP-032,Director of Cloud Operations
CT-191,Matthew Ward,matthew.ward@axiomdigital.example,COMP-102,CTO
CT-192,Connor Phillips,connor.phillips@helixsciences.example,COMP-135,Head of DevOps
CT-193,Brooklyn Long,brooklyn.long@dynamocloud.example,COMP-052,Head of DevOps
CT-194,Hannah Gray,hannah.gray@paragonpartners.example,COMP-137,CTO
CT-195,Nathan Thompson,nathan.thompson@mercurysystems.example,COMP-086,Director of Platform
CT-196,Liam Brooks,liam.brooks@beaconventures.example,COMP-087,Director of IT
CT-197,Lily Morris,lily.morris@ridgegroup.example,COMP-009,Director of Solutions
CT-198,Alexander Flores,alexander.flores@pinnaclesystems.example,COMP-037,Chief Architect
CT-199,Violet Bailey,violet.bailey@synapsegroup.example,COMP-142,VP Engineering
CT-200,Ryan Ward,ryan.ward@paragoncloud.example,COMP-111,Chief Architect
